{"cameraMode":{"drawMode":0,"name":"Shaded","section":"Shading Mode"},"sceneLighting":true,"audioPlay":false,"sceneViewState":{"showFog":true,"showMaterialUpdate":false,"showSkybox":true,"showFlares":true,"showImageEffects":true,"showParticleSystems":true},"in2DMode":false,"pivot":{"x":14.454794883728028,"y":6.719597339630127,"z":7.742773532867432},"rotation":{"x":-0.05936426296830177,"y":-0.9406472444534302,"z":0.23501932621002198,"w":-0.2380426526069641},"size":34.8697509765625,"orthographic":false}