{"cameraMode":{"drawMode":0,"name":"Shaded","section":"Shading Mode"},"sceneLighting":true,"audioPlay":false,"sceneViewState":{"showFog":true,"showMaterialUpdate":false,"showSkybox":true,"showFlares":true,"showImageEffects":true,"showParticleSystems":true},"in2DMode":false,"pivot":{"x":10.835103034973145,"y":6.606882095336914,"z":0.15551429986953736},"rotation":{"x":0.03805262967944145,"y":0.9614706635475159,"z":-0.20826907455921174,"w":0.17589205503463746},"size":35.66814422607422,"orthographic":false}